ID;IT_Process;IT_ProcessD;Current;Goal;Task
1;PO;PO1;0;1;Melakukan perencanaan strategis TI
2;PO;PO1;0;1;Meningkatan kesadaran manajemen bahwa perencanaan strategis TI diperlukan
3;PO;PO1;0;1;Melakukan perencanaan TI berdasarkan kebutuhan sebagai tanggapan terhadap kebutuhan bisnis
4;PO;PO1;0;1;Merutinkan rapat manajemen TI yang membahas perencanaan strategis TI
5;PO;PO1;0;1;Melakukan penyelarasan kebutuhan bisnis, aplikasi, dan teknologi berlangsung secara reaktif
6;PO;PO1;0;1;Melakukan identifikasi secara informal pada posisi Strategic Risk berdasarkan proyek per proyek
7;PO;PO1;1;2;Membagikan perencanaan strategis TI kepada manajemen bisnis berdasarkan kebutuhan
8;PO;PO1;1;2;Melakukan pembaruan rencana TI terjadi sebagai tanggapan atas permintaan oleh manajemen
9;PO;PO1;1;2;Membuat keputusan strategis didorong berdasarkan proyek demi proyek tanpa konsistensi dengan strategi organisasi secara keseluruhan
10;PO;PO1;1;2;Mengenali secara intuitif risiko dan manfaat pengguna dari keputusan strategis utama
11;PO;PO1;2;3;Membuat kebijakan yang menentukan kapan dan bagaimana melakukan perencanaan strategis TI
12;PO;PO1;2;3;Melakukan perencanaan strategis TI mengikuti pendekatan terstruktur yang didokumentasikan dan diketahui oleh semua staf
13;PO;PO1;2;3;Memonitori proses perencanaan TI dan memastikan bahwa perencanaan yang tepat mungkin dilakukan
14;PO;PO1;2;3;Memberikan kebijaksanaan kepada manajer individu sehubungan dengan implementasi proses dan tidak ada prosedur untuk memeriksa prosesnya
15;PO;PO1;2;3;Membuat strategi TI yang secara keseluruhan mencakup definisi risiko yang konsisten yang bersedia diambil oleh organisasi sebagai inovator atau pengikut
16;PO;PO1;2;3;Membuat strategi keuangan, teknis, dan sumber daya manusia TI semakin memengaruhi perolehan produk dan teknologi baru
17;PO;PO1;2;3;Membahas perencanaan strategis TI pada setiap pertemuan manajemen bisnis
18;PO;PO1;3;4;Membuat perencanaan strategis TI yang bersifat praktik standar dan pengecualian dan akan diperhatikan oleh manajemen
19;PO;PO1;3;4;Menetapkan perencanaan strategis TI adalah fungsi manajemen dengan tanggung jawab tingkat senior
20;PO;PO1;3;4;Manajemen memantau proses perencanaan strategis TI, membuat keputusan berdasarkan informasi tersebut dan mengukur efektivitasnya
21;PO;PO1;3;4;Melakukan perencanaan TI jangka pendek dan jangka panjang dan diturunkan ke dalam organisasi, dengan pembaruan yang dilakukan sesuai kebutuhan
22;PO;PO1;3;4;Membuat strategi TI dan strategi di seluruh organisasi semakin menjadi lebih terkoordinasi dengan menangani proses bisnis dan kemampuan nilai tambah dan memanfaatkan penggunaan aplikasi dan teknologi melalui rekayasa ulang proses bisnis
23;PO;PO1;3;4;Membuat proses yang terdefinisi dengan baik untuk menentukan penggunaan sumber daya internal dan eksternal yang diperlukan dalam pengembangan dan operasi sistem
24;PO;PO1;4;5;Mendokumentasi perencanaan strategis TI
25;PO;PO1;4;5;Memperbarui pertimbangan risiko dan nilai tambah dalam proses perencanaan strategis TI
26;PO;PO1;4;5;Mengembangkan rencana TI jangka panjang yang realistis dan terus diperbarui untuk mencerminkan perubahan teknologi dan perkembangan terkait bisnis
27;PO;PO1;4;5;Melakukan benchmarking terhadap norma-norma industri yang dipahami dengan baik dan andal
28;PO;PO1;4;5;Membuat rencana strategis yang mencakup bagaimana perkembangan teknologi baru dapat mendorong penciptaan kemampuan bisnis baru dan meningkatkan keunggulan kompetitif organisasi
29;PO;PO1;4;5;Mempertimbangkan penetapan tujuan bisnis
30;PO;PO1;4;5;Menghasilkan nilai bisnis yang dapat dilihat melalui investasi di bidang TI
31;PO;PO1;4;5;Mengintegrasi proses perumusan strategi
32;PO;PO2;0;1;Meningkatkan kesadaran akan pentingnya arsitektur informasi bagi organisasi
33;PO;PO2;0;1;Perlunya pengetahuan, keahlian, dan tanggung jawab untuk mengembangkan arsitektur
34;PO;PO2;0;1;Meningkatkan kesadaran kebutuhan akan arsitektur informasi pada Manajemen
35;PO;PO2;0;1;Mengembangkan beberapa komponen arsitektur informasi terjadi secara ad hoc
36;PO;PO2;0;1;Definisi alamat data, bukan informasi, dan didorong oleh penawaran vendor perangkat lunak aplikasi
37;PO;PO2;0;1;Perlunya komunikasi yang konsisten dan tidak sporadis tentang kebutuhan akan arsitektur informasi
38;PO;PO2;1;2;Membuat proses arsitektur informasi meskipun informal dan intuitif, prosedur dapat diikuti oleh individu yang berbeda dalam organisasi
39;PO;PO2;1;2;Staf perlu memperoleh keterampilan mereka dalam membangun arsitektur informasi melalui pengalaman langsung dan penerapan teknik yang berulang
40;PO;PO2;1;2;Perlunya persyaratan taktis mendorong pengembangan komponen arsitektur informasi oleh anggota staf individu
41;PO;PO2;2;3;Membuat arsitektur informasi yang dipahami dan diterima, dan tanggung jawab untuk pengirimannya ditetapkan dan dikomunikasikan dengan jelas
42;PO;PO2;2;3;Prosedur, alat dan teknik terkait, meskipun tidak canggih, telah distandarisasi dan didokumentasikan dan merupakan bagian dari kegiatan pelatihan informal
43;PO;PO2;2;3;Mengembangkan kebijakan arsitektur informasi dasar, termasuk beberapa persyaratan strategis, tetapi kepatuhan terhadap kebijakan, standar, dan alat tidak ditegakkan secara konsisten
44;PO;PO2;2;3;Mendefinisikan secara formal fungsi administrasi data yang sudah ada, menetapkan standar organisasi yang luas, dan mulai melaporkan pengiriman dan penggunaan arsitektur informasi
45;PO;PO2;2;3;Alat otomatis mulai digunakan, tetapi proses dan aturan yang digunakan ditentukan oleh penawaran vendor perangkat lunak basis data
46;PO;PO2;2;3;Mengembangkan rencana pelatihan formal, tetapi pelatihan formal masih didasarkan pada inisiatif individu
47;PO;PO2;3;4;Pengembangan dan penegakan arsitektur informasi didukung penuh oleh metode dan teknik formal
48;PO;PO2;3;4;Akuntabilitas untuk kinerja proses pengembangan arsitektur ditegakkan dan keberhasilan arsitektur informasi sedang diukur
49;PO;PO2;3;4;Akuntabilitas untuk kinerja proses pengembangan arsitektur ditegakkan dan keberhasilan arsitektur informasi sedang diukur
50;PO;PO2;3;4;Metrik dasar telah diidentifikasi dan sistem pengukuran telah tersedia
51;PO;PO2;3;4;Proses definisi arsitektur informasi bersifat proaktif dan berfokus pada pemenuhan kebutuhan bisnis masa depan
52;PO;PO2;3;4;Organisasi administrasi data secara aktif terlibat dalam semua upaya pengembangan aplikasi, untuk memastikan konsistensi
53;PO;PO2;3;4;Repositori otomatis sepenuhnya diimplementasikan
54;PO;PO2;3;4;Model data yang lebih kompleks sedang diimplementasikan untuk memanfaatkan konten informasi dari database
55;PO;PO2;3;4;Sistem informasi eksekutif dan sistem pendukung keputusan memanfaatkan informasi yang tersedia
56;PO;PO2;4;5;Arsitektur informasi diterapkan secara konsisten di semua tingkatan
57;PO;PO2;4;5;Nilai arsitektur informasi untuk bisnis terus ditekankan
58;PO;PO2;4;5;Personil TI memiliki keahlian dan keterampilan yang diperlukan untuk mengembangkan dan memelihara arsitektur informasi yang kuat dan responsif yang mencerminkan semua kebutuhan bisnis
59;PO;PO2;4;5;Informasi yang disediakan oleh arsitektur informasi diterapkan secara konsisten dan ekstensif
60;PO;PO2;4;5;Penggunaan luas dibuat dari praktik industri yang baik dalam pengembangan dan pemeliharaan arsitektur informasi, termasuk proses peningkatan berkelanjutan
61;PO;PO2;4;5;Strategi untuk memanfaatkan informasi melalui pergudangan data dan teknologi penambangan data didefinisikan
62;PO;PO2;4;5;Arsitektur informasi terus meningkat dan mempertimbangkan informasi non-tradisional tentang proses, organisasi, dan sistem
63;PO;PO3;0;1;Meningkatkan kesadaran akan pentingnya perencanaan infrastruktur teknologi untuk entitas
64;PO;PO3;0;1;Pengetahuan dan keahlian yang diperlukan untuk mengembangkan rencana infrastruktur teknologi seperti itu tidak ada
65;PO;PO3;0;1;Meningkatkan pemahaman bahwa perencanaan untuk perubahan teknologi sangat penting untuk mengalokasikan sumber daya secara efektif
66;PO;PO3;0;1;Manajemen menyadari perlunya perencanaan infrastruktur teknologi
67;PO;PO3;0;1;Perkembangan komponen teknologi dan implementasi teknologi yang muncul bersifat ad hoc dan terisolasi
68;PO;PO3;0;1;Ada pendekatan reaktif dan fokus operasional untuk perencanaan infrastruktur
69;PO;PO3;0;1;Arah teknologi didorong oleh rencana evolusi produk yang sering bertentangan dari vendor perangkat keras, perangkat lunak sistem, dan perangkat lunak aplikasi
70;PO;PO3;0;1;Membuat komunikasi tentang dampak potensial dari perubahan teknologi lebih konsisten
71;PO;PO3;1;2;Kebutuhan dan pentingnya perencanaan teknologi dikomunikasikan
72;PO;PO3;1;2;Perencanaan bersifat taktis dan berfokus pada menghasilkan solusi untuk masalah teknis, bukan pada penggunaan teknologi untuk memenuhi kebutuhan bisnis
73;PO;PO3;1;2;Evaluasi perubahan teknologi diserahkan kepada individu yang berbeda yang mengikuti proses intuitif, tetapi serupa
74;PO;PO3;1;2;Orang-orang memperoleh keterampilan mereka dalam perencanaan teknologi melalui pembelajaran langsung dan penerapan teknik secara berulang
75;PO;PO3;1;2;Teknik dan standar umum muncul untuk pengembangan komponen infrastruktur
76;PO;PO3;2;3;Manajemen menyadari pentingnya rencana infrastruktur teknologi
77;PO;PO3;2;3;Proses pengembangan rencana infrastruktur teknologi cukup baik dan selaras dengan rencana strategis TI
78;PO;PO3;2;3;Ada rencana infrastruktur teknologi yang ditetapkan, didokumentasikan, dan dikomunikasikan dengan baik, tetapi diterapkan secara tidak konsisten
79;PO;PO3;2;3;Arah infrastruktur teknologi mencakup pemahaman tentang ke mana organisasi ingin memimpin atau tertinggal dalam penggunaan teknologi, berdasarkan risiko dan keselarasan dengan strategi organisasi.
80;PO;PO3;2;3;Vendor utama dipilih berdasarkan pemahaman tentang teknologi jangka panjang dan rencana pengembangan produk mereka, konsisten dengan arah organisasi
81;PO;PO3;2;3;Pelatihan formal dan komunikasi peran dan tanggung jawab ada
82;PO;PO3;3;4;Manajemen memastikan pengembangan dan pemeliharaan rencana infrastruktur teknologi
83;PO;PO3;3;4;Anggota staf TI memiliki keahlian dan keterampilan yang diperlukan untuk mengembangkan rencana infrastruktur teknologi
84;PO;PO3;3;4;Dampak potensial dari perubahan dan teknologi yang muncul diperhitungkan
85;PO;PO3;3;4;Manajemen dapat mengidentifikasi penyimpangan dari rencana dan mengantisipasi masalah
86;PO;PO3;3;4;Tanggung jawab untuk pengembangan dan pemeliharaan rencana infrastruktur teknologi telah ditetapkan
87;PO;PO3;3;4;Proses pengembangan rencana infrastruktur teknologi canggih dan responsif terhadap perubahan
88;PO;PO3;3;4;Praktik baik internal telah diperkenalkan ke dalam proses
89;PO;PO3;3;4;Strategi sumber daya manusia selaras dengan arah teknologi, untuk memastikan bahwa anggota staf TI dapat mengelola perubahan teknologi
90;PO;PO3;3;4;Rencana migrasi untuk memperkenalkan teknologi baru telah ditentukan
91;PO;PO3;3;4;Outsourcing dan kemitraan sedang dimanfaatkan untuk mengakses keahlian dan keterampilan yang diperlukan
92;PO;PO3;3;4;Manajemen telah menganalisis penerimaan risiko mengenai memimpin atau tertinggalnya penggunaan teknologi dalam mengembangkan peluang bisnis baru atau efisiensi operasional
93;PO;PO3;4;5;Fungsi penelitian ada untuk meninjau teknologi yang muncul dan berkembang dan membandingkan organisasi dengan norma-norma industri
94;PO;PO3;4;5;Arah rencana infrastruktur teknologi dipandu oleh standar dan perkembangan industri dan internasional, bukan didorong oleh vendor teknologi
95;PO;PO3;4;5;Dampak bisnis potensial dari perubahan teknologi ditinjau di tingkat manajemen senior
96;PO;PO3;4;5;Ada persetujuan eksekutif formal untuk arah teknologi baru dan yang diubah
97;PO;PO3;4;5;Entitas memiliki rencana infrastruktur teknologi yang kuat yang mencerminkan kebutuhan bisnis, responsif, dan dapat dimodifikasi untuk mencerminkan perubahan dalam lingkungan bisnis
98;PO;PO3;4;5;Ada proses yang berkelanjutan dan diterapkan untuk meningkatkan rencana infrastruktur teknologi
99;PO;PO3;4;5;Praktik industri yang baik banyak digunakan dalam menentukan arah teknologi technological
100;PO;PO4;0;1;Mendirikan Organisasi TI secara efektif untuk fokus pada pencapaian tujuan bisnis
101;PO;PO4;0;1;Membuat aktivitas dan fungsi TI bersifat proaktif dan diimplementasikan secara konsisten
102;PO;PO4;0;1;Melibatkan TI dalam proyek bisnis pada tahap awal
103;PO;PO4;0;1;Fungsi TI dianggap sebagai fungsi pendukung, tanpa perspektif organisasi secara keseluruhan
104;PO;PO4;0;1;"Ada pemahaman implisit tentang kebutuhan organisasi TI; namun, peran dan tanggung jawab tidak diformalkan atau ditegakkan"
105;PO;PO4;1;2;Fungsi TI diatur untuk merespons secara taktis, tetapi tidak konsisten, terhadap kebutuhan pelanggan dan hubungan vendor
106;PO;PO4;1;2;Kebutuhan akan organisasi terstruktur dan manajemen vendor dikomunikasikan, tetapi keputusan masih bergantung pada pengetahuan dan keterampilan individu kunci
107;PO;PO4;1;2;Ada munculnya teknik umum untuk mengelola organisasi TI dan hubungan vendor
108;PO;PO4;2;3;Peran dan tanggung jawab yang ditetapkan untuk organisasi TI dan pihak ketiga ada
109;PO;PO4;2;3;Organisasi TI dikembangkan, didokumentasikan, dikomunikasikan, dan diselaraskan dengan strategi TI
110;PO;PO4;2;3;Lingkungan pengendalian internal didefinisikan
111;PO;PO4;2;3;Ada formalisasi hubungan dengan pihak lain, termasuk komite pengarah, audit internal dan manajemen vendor
112;PO;PO4;2;3;Organisasi TI secara fungsional lengkap
113;PO;PO4;2;3;Ada definisi fungsi yang harus dilakukan oleh personel TI dan yang akan dilakukan oleh pengguna
114;PO;PO4;2;3;Persyaratan dan keahlian staf TI yang penting ditentukan dan dipenuhi
115;PO;PO4;2;3;Ada definisi formal tentang hubungan dengan pengguna dan pihak ketiga
116;PO;PO4;2;3;Pembagian peran dan tanggung jawab ditetapkan dan dilaksanakan
117;PO;PO4;3;4;Organisasi TI secara proaktif merespons perubahan dan mencakup semua peran yang diperlukan untuk memenuhi persyaratan bisnis
118;PO;PO4;3;4;Manajemen TI, kepemilikan proses, akuntabilitas, dan tanggung jawab didefinisikan dan diseimbangkan
119;PO;PO4;3;4;Praktik baik internal telah diterapkan dalam organisasi fungsi TI
120;PO;PO4;3;4;Manajemen TI memiliki keahlian dan keterampilan yang sesuai untuk mendefinisikan, menerapkan, dan memantau organisasi dan hubungan yang disukai
121;PO;PO4;3;4;Metrik terukur untuk mendukung tujuan bisnis dan faktor keberhasilan kritis yang ditentukan pengguna (CSF) distandarisasi
122;PO;PO4;3;4;Inventaris keterampilan tersedia untuk mendukung staf proyek dan pengembangan profesional professional
123;PO;PO4;3;4;Keseimbangan antara keterampilan dan sumber daya yang tersedia secara internal dan yang dibutuhkan dari organisasi eksternal ditentukan dan ditegakkan
124;PO;PO4;3;4;Struktur organisasi TI secara tepat mencerminkan kebutuhan bisnis dengan menyediakan layanan yang selaras dengan proses bisnis strategis, bukan dengan teknologi yang terisolasi
125;PO;PO4;4;5;Struktur organisasi TI fleksibel dan adaptif
126;PO;PO4;4;5;Praktik industri yang baik diterapkan
127;PO;PO4;4;5;Ada penggunaan teknologi yang ekstensif untuk membantu memantau kinerja organisasi dan proses TI
128;PO;PO4;4;5;Teknologi dimanfaatkan sejalan untuk mendukung kompleksitas dan distribusi geografis organisasi
129;PO;PO4;4;5;Ada proses perbaikan terus-menerus di tempat
130;PO;PO5;0;1;Perlunya kesadaran akan pentingnya pemilihan dan penganggaran investasi TI
131;PO;PO5;0;1;Perlunya pelacakan atau pemantauan investasi dan pengeluaran TI
132;PO;PO5;0;1;Organisasi menyadari kebutuhan untuk mengelola investasi TI dan kebutuhan ini dikomunikasikan secara konsisten
133;PO;PO5;0;1;Alokasi tanggung jawab untuk pemilihan investasi TI dan pengembangan anggaran dilakukan secara ad hoc
134;PO;PO5;0;1;Implementasi terisolasi dari pemilihan dan penganggaran investasi TI terjadi, dengan dokumentasi informal
135;PO;PO5;0;1;Investasi TI dibenarkan secara ad hoc
136;PO;PO5;0;1;Keputusan penganggaran yang reaktif dan terfokus secara operasional terjadi
137;PO;PO5;1;2;Ada pemahaman implisit tentang perlunya pemilihan dan penganggaran investasi TI
138;PO;PO5;1;2;Kebutuhan untuk proses seleksi dan penganggaran dikomunikasikan
139;PO;PO5;1;2;Kepatuhan tergantung pada inisiatif individu dalam organisasi
140;PO;PO5;1;2;Munculnya teknik umum untuk mengembangkan komponen anggaran TI
141;PO;PO5;1;2;Keputusan penganggaran reaktif dan taktis terjadi
142;PO;PO5;2;3;Kebijakan dan proses untuk investasi dan penganggaran ditetapkan, didokumentasikan dan dikomunikasikan, dan mencakup masalah bisnis dan teknologi utama
143;PO;PO5;2;3;Anggaran TI selaras dengan TI strategis dan rencana bisnis
144;PO;PO5;2;3;Proses penganggaran dan pemilihan investasi TI diformalkan, didokumentasikan, dan dikomunikasikan
145;PO;PO5;2;3;Pelatihan formal sedang muncul tetapi masih didasarkan terutama pada inisiatif individu
146;PO;PO5;2;3;Persetujuan formal atas pilihan dan anggaran investasi TI sedang berlangsung
147;PO;PO5;2;3;Anggota staf TI memiliki keahlian dan keterampilan yang diperlukan untuk mengembangkan anggaran TI dan merekomendasikan investasi TI yang sesuai
148;PO;PO5;3;4;Tanggung jawab dan akuntabilitas untuk pemilihan investasi dan penganggaran ditugaskan kepada individu tertentu
149;PO;PO5;3;4;Varians anggaran diidentifikasi dan diselesaikan
150;PO;PO5;3;4;Analisis penetapan biaya formal dilakukan, mencakup biaya langsung dan tidak langsung dari operasi yang ada, serta investasi yang diusulkan, dengan mempertimbangkan semua biaya selama siklus hidup total
151;PO;PO5;3;4;Proses penganggaran yang proaktif dan standar digunakan
152;PO;PO5;3;4;Dampak pergeseran biaya pengembangan dan operasi dari perangkat keras dan perangkat lunak ke integrasi sistem dan sumber daya manusia TI diakui dalam rencana investasi
153;PO;PO5;3;4;Manfaat dan pengembalian dihitung dalam istilah keuangan dan non-keuangan
154;PO;PO5;4;5;Praktik industri yang baik digunakan untuk membandingkan biaya dan mengidentifikasi pendekatan untuk meningkatkan efektivitas investasi
155;PO;PO5;4;5;Analisis perkembangan teknologi digunakan dalam proses pemilihan investasi dan penganggaran
156;PO;PO5;4;5;Proses manajemen investasi terus ditingkatkan berdasarkan pelajaran dari analisis kinerja investasi aktual
157;PO;PO5;4;5;Keputusan investasi menggabungkan tren peningkatan harga/kinerja
158;PO;PO5;4;5;Alternatif pendanaan diselidiki dan dievaluasi secara formal dalam konteks struktur modal organisasi yang ada, menggunakan metode evaluasi formal
159;PO;PO5;4;5;Ada identifikasi varians secara proaktif
160;PO;PO5;4;5;Analisis biaya dan manfaat jangka panjang dari siklus hidup total dimasukkan dalam keputusan investasi investment
161;PO;PO6;0;1;Manajemen membentuk lingkungan kontrol TI yang positif
162;PO;PO6;0;1;Perlunya pengakuan kebutuhan untuk menetapkan serangkaian kebijakan, rencana dan prosedur, dan proses kepatuhan compliance
163;PO;PO6;0;1;Manajemen proaktif dalam menangani persyaratan lingkungan pengendalian informasi
164;PO;PO6;0;1;Kebijakan, prosedur, dan standar dikembangkan dan dikomunikasikan secara ad hoc sebagaimana didorong oleh masalah
165;PO;PO6;0;1;Proses pengembangan, komunikasi, dan kepatuhan bersifat formal dan konsisten
166;PO;PO6;1;2;Kebutuhan dan persyaratan lingkungan pengendalian informasi yang efektif secara implisit dipahami oleh manajemen
167;PO;PO6;1;2;Kebutuhan akan kebijakan, rencana, dan prosedur pengendalian dikomunikasikan oleh manajemen, tetapi pengembangan diserahkan kepada kebijaksanaan masing-masing manajer dan area bisnis
168;PO;PO6;1;2;Kualitas diakui sebagai filosofi yang diinginkan untuk diikuti, tetapi praktiknya diserahkan kepada kebijaksanaan masing-masing manajer
169;PO;PO6;1;2;Pelatihan dilakukan secara individu, sesuai kebutuhan
170;PO;PO6;2;3;Kontrol informasi dan lingkungan manajemen mutu yang lengkap dikembangkan, didokumentasikan, dan dikomunikasikan oleh manajemen dan mencakup kerangka kerja untuk kebijakan, rencana, dan prosedur
171;PO;PO6;2;3;Proses pengembangan kebijakan terstruktur, dipelihara dan diketahui oleh staf, dan kebijakan, rencana, dan prosedur yang ada cukup masuk akal dan mencakup isu-isu utama
172;PO;PO6;2;3;Manajemen membahas pentingnya kesadaran keamanan TI dan memulai program kesadaran
173;PO;PO6;2;3;Pelatihan formal tersedia untuk mendukung lingkungan pengendalian informasi tetapi tidak diterapkan secara ketat
174;PO;PO6;2;3;Meskipun ada kerangka pengembangan keseluruhan untuk kebijakan dan prosedur pengendalian, ada pemantauan yang tidak konsisten terhadap kepatuhan terhadap kebijakan dan prosedur ini
175;PO;PO6;2;3;Ada kerangka pengembangan keseluruhan
176;PO;PO6;2;3;Teknik untuk mempromosikan kesadaran keamanan telah distandarisasi dan diformalkan
177;PO;PO6;3;4;Manajemen menerima tanggung jawab untuk mengkomunikasikan kebijakan pengendalian internal dan mendelegasikan tanggung jawab dan mengalokasikan sumber daya yang cukup untuk memelihara lingkungan sejalan dengan perubahan signifikan
178;PO;PO6;3;4;Lingkungan kontrol informasi yang positif dan proaktif, termasuk komitmen terhadap kualitas dan kesadaran keamanan TI, telah ditetapkan
179;PO;PO6;3;4;Satu set lengkap kebijakan, rencana dan prosedur dikembangkan, dipelihara dan dikomunikasikan dan merupakan gabungan dari praktik baik internal
180;PO;PO6;3;4;Kerangka kerja untuk peluncuran dan pemeriksaan kepatuhan selanjutnya telah ditetapkan
181;PO;PO6;4;5;The information control environment is aligned with the strategic management framework and vision and is frequently reviewed, updated and continuously improved
182;PO;PO6;4;5;Pakar internal dan eksternal ditugaskan untuk memastikan bahwa praktik industri yang baik diadopsi sehubungan dengan panduan kontrol dan teknik komunikasi
183;PO;PO6;4;5;Pemantauan, penilaian diri, dan pemeriksaan kepatuhan meresap dalam organisasi
184;PO;PO6;4;5;Teknologi digunakan untuk mempertahankan basis pengetahuan kebijakan dan kesadaran dan untuk mengoptimalkan komunikasi, menggunakan otomatisasi kantor dan alat pelatihan berbasis komputer
185;PO;PO7;0;1;Perlunya kesadaran tentang pentingnya menyelaraskan manajemen sumber daya manusia TI dengan proses perencanaan teknologi untuk organisasi
186;PO;PO7;0;1;Perlunya orang atau kelompok yang secara formal bertanggung jawab atas manajemen sumber daya manusia TI
187;PO;PO7;0;1;Manajemen menyadari perlunya manajemen sumber daya manusia TI
188;PO;PO7;0;1;Proses manajemen sumber daya manusia TI bersifat formal dan proaktif
189;PO;PO7;0;1;Proses sumber daya manusia TI secara operasional berfokus pada perekrutan dan pengelolaan personel TI
190;PO;PO7;0;1;Kesadaran berkembang mengenai dampak perubahan bisnis dan teknologi yang cepat serta solusi yang semakin kompleks terhadap kebutuhan akan tingkat keterampilan dan kompetensi baru
191;PO;PO7;1;2;Ada pendekatan taktis untuk merekrut dan mengelola personel TI, didorong oleh kebutuhan spesifik proyek, bukan oleh keseimbangan yang dipahami antara ketersediaan staf terampil internal dan eksternal
192;PO;PO7;1;2;Pelatihan informal dilakukan untuk personel baru, yang kemudian menerima pelatihan sesuai kebutuhan
193;PO;PO7;2;3;Ada proses yang ditetapkan dan didokumentasikan untuk mengelola sumber daya manusia TI
194;PO;PO7;2;3;Ada rencana manajemen sumber daya manusia TI. Ada pendekatan strategis untuk merekrut dan mengelola personel TI
195;PO;PO7;2;3;Rencana pelatihan formal dirancang untuk memenuhi kebutuhan sumber daya manusia TI
196;PO;PO7;2;3;Sebuah program rotasi, yang dirancang untuk memperluas keterampilan manajemen teknis dan bisnis, didirikan
197;PO;PO7;3;4;Tanggung jawab untuk pengembangan dan pemeliharaan rencana manajemen sumber daya manusia TI ditugaskan kepada individu atau kelompok tertentu dengan keahlian dan keterampilan yang diperlukan untuk mengembangkan dan memelihara rencana tersebut.
198;PO;PO7;3;4;Proses pengembangan dan pengelolaan rencana manajemen sumber daya manusia TI responsif terhadap perubahan
199;PO;PO7;3;4;Langkah-langkah standar ada dalam organisasi untuk memungkinkannya mengidentifikasi penyimpangan dari rencana manajemen sumber daya manusia TI, dengan penekanan khusus pada pengelolaan pertumbuhan dan pergantian personel TI
200;PO;PO7;3;4;Kompensasi dan tinjauan kinerja sedang dibuat dan dibandingkan dengan organisasi TI lainnya dan praktik industri yang baik
201;PO;PO7;3;4;Manajemen sumber daya manusia TI proaktif, dengan mempertimbangkan pengembangan jalur karier
202;PO;PO7;4;5;Rencana manajemen sumber daya manusia TI terus diperbarui untuk memenuhi perubahan kebutuhan bisnis
203;PO;PO7;4;5;Manajemen sumber daya manusia TI terintegrasi dengan perencanaan teknologi, memastikan pengembangan optimal dan penggunaan keterampilan TI yang tersedia
204;PO;PO7;4;5;Manajemen sumber daya manusia TI terintegrasi dengan dan responsif terhadap arah strategis entitas
205;PO;PO7;4;5;Komponen manajemen sumber daya manusia TI konsisten dengan praktik industri yang baik, seperti kompensasi, tinjauan kinerja, partisipasi dalam forum industri, transfer pengetahuan, pelatihan dan pendampingan
206;PO;PO7;4;5;Program pelatihan dikembangkan untuk semua standar dan produk teknologi baru sebelum diterapkan di organisasi
207;PO;PO8;0;1;Organisasi memiliki proses perencanaan QMS dan metodologi siklus hidup pengembangan sistem (SDLC).
208;PO;PO8;0;1;Manajemen senior dan anggota staf TI menyadari bahwa program berkualitas diperlukan
209;PO;PO8;0;1;Proyek dan operasi tidak pernah ditinjau kualitasnya
210;PO;PO8;0;1;Ada kesadaran manajemen tentang perlunya QMS
211;PO;PO8;0;1;QMS didorong oleh individu di mana itu terjadi
212;PO;PO8;0;1;Manajemen membuat penilaian informal tentang kualitas
213;PO;PO8;1;2;Sebuah program sedang dibuat untuk mendefinisikan dan memantau aktivitas QMS dalam TI
214;PO;PO8;1;2;Kegiatan QMS yang terjadi difokuskan pada proyek TI dan inisiatif yang berorientasi pada proses, bukan pada proses di seluruh organisasi
215;PO;PO8;2;3;Proses QMS yang ditentukan dikomunikasikan ke seluruh perusahaan oleh manajemen dan melibatkan manajemen TI dan pengguna akhir
216;PO;PO8;2;3;Program pendidikan dan pelatihan muncul untuk mengajarkan semua tingkatan organisasi tentang kualitas
217;PO;PO8;2;3;Harapan kualitas dasar didefinisikan dan dibagikan di antara proyek dan di dalam organisasi TI
218;PO;PO8;2;3;Alat dan praktik umum untuk manajemen mutu sedang muncul
219;PO;PO8;2;3;Survei kepuasan kualitas direncanakan dan kadang-kadang dilakukan
220;PO;PO8;3;4;QMS ditangani dalam semua proses, termasuk proses dengan ketergantungan pada pihak ketiga
221;PO;PO8;3;4;Basis pengetahuan standar sedang dibangun untuk metrik kualitas
222;PO;PO8;3;4;Metode analisis biaya-manfaat digunakan untuk membenarkan inisiatif QMS
223;PO;PO8;3;4;Pembandingan terhadap industri dan pesaing muncul
224;PO;PO8;3;4;Sebuah program pendidikan dan pelatihan dilembagakan untuk mengajarkan semua tingkatan organisasi tentang kualitas
225;PO;PO8;3;4;Alat dan praktik sedang distandarisasi, dan analisis akar masalah diterapkan secara berkala
226;PO;PO8;3;4;Survei kepuasan kualitas dilakukan secara konsisten
227;PO;PO8;3;4;Program standar untuk mengukur kualitas sudah ada dan terstruktur dengan baik
228;PO;PO8;3;4;Manajemen TI sedang membangun basis pengetahuan untuk metrik kualitas
229;PO;PO8;4;5;QMS terintegrasi dan diterapkan di semua aktivitas TI
230;PO;PO8;4;5;Proses QMS fleksibel dan mudah beradaptasi dengan perubahan di lingkungan TI
231;PO;PO8;4;5;Basis pengetahuan untuk metrik kualitas ditingkatkan dengan praktik baik eksternal
232;PO;PO8;4;5;Benchmarking terhadap standar eksternal dilakukan secara rutin
233;PO;PO8;4;5;Survei kepuasan kualitas adalah proses yang berkelanjutan dan mengarah pada analisis akar masalah dan tindakan perbaikan
234;PO;PO8;4;5;Ada jaminan formal pada tingkat proses manajemen mutu
235;PO;PO9;0;1;Perlunya penilaian risiko untuk proses dan keputusan bisnis
236;PO;PO9;0;1;Organisasi mempertimbangkan dampak bisnis yang terkait dengan kerentanan keamanan dan ketidakpastian proyek pengembangan
237;PO;PO9;0;1;Manajemen risiko perlu diidentifikasi sebagai relevan untuk memperoleh solusi TI dan memberikan layanan TI
238;PO;PO9;0;1;Risiko TI dipertimbangkan secara ad hoc
239;PO;PO9;0;1;Penilaian informal risiko proyek dilakukan sebagaimana ditentukan oleh setiap proyek
240;PO;PO9;0;1;Penilaian risiko kadang-kadang diidentifikasi dalam rencana proyek tetapi jarang ditugaskan kepada manajer tertentu
241;PO;PO9;0;1;Risiko spesifik terkait TI, seperti keamanan, ketersediaan, dan integritas, terkadang dipertimbangkan berdasarkan proyek per proyek
242;PO;PO9;0;1;Risiko terkait TI yang memengaruhi operasi sehari-hari jarang dibahas dalam rapat manajemen
243;PO;PO9;0;1;Dimana risiko telah dipertimbangkan, mitigasi tidak konsisten
244;PO;PO9;0;1;Ada pemahaman yang muncul bahwa risiko TI itu penting dan perlu dipertimbangkan
245;PO;PO9;1;2;Pendekatan penilaian risiko yang berkembang ada dan diimplementasikan atas kebijaksanaan manajer proyek
246;PO;PO9;1;2;Manajemen risiko biasanya pada tingkat tinggi dan biasanya diterapkan hanya untuk proyek-proyek besar atau dalam menanggapi masalah
247;PO;PO9;1;2;Proses mitigasi risiko mulai diterapkan di mana risiko diidentifikasi
248;PO;PO9;2;3;Kebijakan manajemen risiko di seluruh organisasi menentukan kapan dan bagaimana melakukan penilaian risiko
249;PO;PO9;2;3;Manajemen risiko mengikuti proses yang ditetapkan yang didokumentasikan
250;PO;PO9;2;3;Pelatihan manajemen risiko tersedia untuk semua anggota staf
251;PO;PO9;2;3;Keputusan untuk mengikuti proses manajemen risiko dan menerima pelatihan diserahkan kepada kebijaksanaan individu
252;PO;PO9;2;3;Metodologi untuk penilaian risiko meyakinkan dan masuk akal dan memastikan bahwa risiko utama untuk bisnis diidentifikasi
253;PO;PO9;2;3;Sebuah proses untuk mengurangi risiko utama biasanya dilembagakan setelah risiko diidentifikasi
254;PO;PO9;2;3;Deskripsi pekerjaan mempertimbangkan tanggung jawab manajemen risiko
255;PO;PO9;3;4;Penilaian dan pengelolaan risiko adalah prosedur standar
256;PO;PO9;3;4;Pengecualian untuk proses manajemen risiko dilaporkan ke manajemen TI
257;PO;PO9;3;4;Pengecualian untuk proses manajemen risiko dilaporkan ke manajemen TI
258;PO;PO9;3;4;Risiko dinilai dan dimitigasi pada tingkat proyek individu dan juga secara teratur berkaitan dengan operasi TI secara keseluruhan
259;PO;PO9;3;4;Manajemen disarankan tentang perubahan dalam bisnis dan lingkungan TI yang dapat secara signifikan mempengaruhi skenario risiko terkait TI
260;PO;PO9;3;4;Manajemen mampu memantau posisi risiko dan membuat keputusan yang tepat mengenai eksposur yang bersedia diterimanya
261;PO;PO9;3;4;Semua risiko yang teridentifikasi memiliki pemilik yang ditunjuk, dan manajemen senior serta manajemen TI menentukan tingkat risiko yang akan ditoleransi oleh organisasi
262;PO;PO9;3;4;Manajemen TI mengembangkan ukuran standar untuk menilai risiko dan menentukan rasio risiko/pengembalian
263;PO;PO9;3;4;Anggaran manajemen untuk proyek manajemen risiko operasional untuk menilai kembali risiko secara teratur
264;PO;PO9;3;4;Database manajemen risiko dibuat, dan bagian dari proses manajemen risiko mulai diotomatisasi
265;PO;PO9;3;4;Manajemen TI mempertimbangkan strategi mitigasi risiko
266;PO;PO9;4;5;Manajemen risiko berkembang ke tahap di mana proses organisasi yang terstruktur ditegakkan dan dikelola dengan baik
267;PO;PO9;4;5;Praktik yang baik diterapkan di seluruh organisasi
268;PO;PO9;4;5;Pengambilan, analisis, dan pelaporan data manajemen risiko sangat otomatis
269;PO;PO9;4;5;Bimbingan diambil dari para pemimpin di lapangan, dan organisasi TI mengambil bagian dalam kelompok sebaya untuk bertukar pengalaman
270;PO;PO9;4;5;Manajemen risiko benar-benar terintegrasi ke dalam semua bisnis dan operasi TI, diterima dengan baik dan secara luas melibatkan pengguna layanan TI
271;PO;PO9;4;5;Manajemen mendeteksi dan bertindak ketika keputusan operasional dan investasi TI utama dibuat tanpa mempertimbangkan rencana manajemen risiko
272;PO;PO9;4;5;Manajemen terus menilai strategi mitigasi risiko
273;PO;PO10;0;1;Teknik manajemen proyek perlu digunakan dan organisasi perlu mempertimbangkan dampak bisnis yang terkait dengan salah urus proyek dan kegagalan proyek pengembangan
274;PO;PO10;0;1;Penggunaan teknik dan pendekatan manajemen proyek dalam TI adalah keputusan yang diserahkan kepada manajer TI individu
275;PO;PO10;0;1;Perlunya komitmen manajemen untuk kepemilikan proyek dan manajemen proyek
276;PO;PO10;0;1;Keputusan penting tentang manajemen proyek dibuat perlu manajemen pengguna atau masukan pelanggan
277;PO;PO10;0;1;Perlunya keterlibatan pelanggan dan pengguna dalam mendefinisikan proyek TI
278;PO;PO10;0;1;Perlunya organisasi yang jelas di dalam TI untuk pengelolaan proyek
279;PO;PO10;0;1;Peran dan tanggung jawab untuk manajemen proyek perlu ditentukan
280;PO;PO10;0;1;Proyek, jadwal, dan pencapaian terdefinisi dengan baik
281;PO;PO10;0;1;Waktu dan pengeluaran staf proyek tidak dilacak dan dibandingkan dengan anggaran
282;PO;PO10;1;2;Manajemen senior memperoleh dan mengomunikasikan kesadaran akan perlunya manajemen proyek TI
283;PO;PO10;1;2;Organisasi sedang dalam proses mengembangkan dan memanfaatkan beberapa teknik dan metode dari proyek ke proyek
284;PO;PO10;1;2;Proyek TI memiliki tujuan bisnis dan teknis yang ditetapkan secara formal
285;PO;PO10;1;2;Keterlibatan pemangku kepentingan terbatas dalam manajemen proyek TI
286;PO;PO10;1;2;Pedoman awal dikembangkan untuk banyak aspek manajemen proyek
287;PO;PO10;1;2;Penerapan pedoman manajemen proyek diserahkan kepada kebijaksanaan manajer proyek individu
288;PO;PO10;2;3;Proses dan metodologi manajemen proyek TI ditetapkan dan dikomunikasikan
289;PO;PO10;2;3;Proyek TI didefinisikan dengan tujuan bisnis dan teknis yang sesuai
290;PO;PO10;2;3;Senior TI dan manajemen bisnis mulai berkomitmen dan terlibat dalam pengelolaan proyek TI
291;PO;PO10;2;3;Kantor manajemen proyek didirikan di dalam TI, dengan peran dan tanggung jawab awal yang ditentukan
292;PO;PO10;2;3;Proyek TI dipantau, dengan pencapaian, jadwal, anggaran, dan pengukuran kinerja yang ditetapkan dan diperbarui
293;PO;PO10;2;3;Pelatihan manajemen proyek tersedia dan terutama merupakan hasil dari inisiatif staf individu
294;PO;PO10;2;3;Prosedur QA dan aktivitas implementasi pasca sistem didefinisikan, tetapi tidak diterapkan secara luas oleh manajer TI
295;PO;PO10;2;3;Proyek mulai dikelola sebagai portofolio
296;PO;PO10;3;4;Manajemen membutuhkan metrik proyek formal dan standar dan pelajaran yang dipetik untuk ditinjau setelah penyelesaian proyek
297;PO;PO10;3;4;Manajemen proyek diukur dan dievaluasi di seluruh organisasi dan tidak hanya di dalam TI
298;PO;PO10;3;4;Peningkatan proses manajemen proyek diformalkan dan dikomunikasikan dengan anggota tim proyek yang dilatih tentang peningkatan
299;PO;PO10;3;4;Manajemen TI menerapkan struktur organisasi proyek dengan peran, tanggung jawab, dan kriteria kinerja staf yang terdokumentasi
300;PO;PO10;3;4;Kriteria untuk mengevaluasi keberhasilan di setiap tonggak ditetapkan
301;PO;PO10;3;4;Nilai dan risiko diukur dan dikelola sebelum, selama dan setelah penyelesaian proyek
302;PO;PO10;3;4;Proyek semakin membahas tujuan organisasi, bukan hanya yang spesifik TI
303;PO;PO10;3;4;Ada dukungan proyek yang kuat dan aktif dari sponsor manajemen senior serta pemangku kepentingan
304;PO;PO10;3;4;Pelatihan manajemen proyek yang relevan direncanakan untuk staf di kantor manajemen proyek dan di seluruh fungsi TI
305;PO;PO10;4;5;Metodologi proyek dan program siklus hidup yang terbukti dan lengkap diterapkan, ditegakkan, dan diintegrasikan ke dalam budaya seluruh organisasi
306;PO;PO10;4;5;Inisiatif berkelanjutan untuk mengidentifikasi dan melembagakan praktik manajemen proyek terbaik diimplementasikan
307;PO;PO10;4;5;Strategi TI untuk pengembangan sumber dan proyek operasional didefinisikan dan diimplementasikan
308;PO;PO10;4;5;Kantor manajemen proyek terintegrasi bertanggung jawab atas proyek dan program dari awal hingga pasca implementasi
309;PO;PO10;4;5;Perencanaan program dan proyek di seluruh organisasi memastikan bahwa pengguna dan sumber daya TI dimanfaatkan sebaik mungkin untuk mendukung inisiatif strategis
310;AI;AI1;0;1;Meningkatkan kesadaran dalam menentukan kebutuhan serta mengidentifikasi solusi teknologi
311;AI;AI1;0;1;Melakukan pertemuan diantar Manajemen untuk membahas kebutuhan informal dan melakukan dokumentasi mengenai kebutuhan tersebut
312;AI;AI1;0;1;Melakukan riset terstruktur mengenai teknologi yang tersedia saat ini
313;AI;AI1;1;2;Melaksanakan pendekatan intuitif untuk mengidentifikasi ketersediaan solusi Teknologi Informasi yang dibutuhkan
314;AI;AI1;1;2;Mengidentifikasi pemanfaatan Teknologi Informasi berdasarkan pengalaman dan pengetahuan internal tentang fungsi Teknologi Informasi
315;AI;AI1;1;2;Memiliki individu yang keahliannya menjadi kunci keberhasilan proyek
316;AI;AI1;1;2;Memiliki variasi dalam kualitas dokumentasi dan pengambilan keputusan
317;AI;AI1;1;2;Melakukan pendekatan yang  terstruktur untuk mendefinisikan persyaratan dan mengidentifikasi solusi teknologi
318;AI;AI1;2;3;Melakukan pendekatan yang jelas dan terstruktur dalam menentukan solusi TI
319;AI;AI1;2;3;Membutuhkan pertimbangan alternatif yang dievaluasi terhadap faktor kebutuhan bisnis atau pengguna dalam melakukan pendekatan untuk menentukan solusi TI 
320;AI;AI1;2;3;Menerapkan solusi TI untuk beberapa proyek berdasarkan keputusan yang dibuat oleh masing-masing anggota staf yang terlibat
321;AI;AI1;2;3;Melakukan pendekatan terstruktur untuk menentukan persyaratan dan mengidentifikasi solusi TI pada PIKTI
322;AI;AI1;3;4;Melakukan identifikasi dan menilai solusi TI dengan metodologi yang mapan untuk digunakan pada sebagian besar proyek
323;AI;AI1;3;4;Mendokumentasikan proyek dengan berkualitas dan disetujui di setiap tingkatnya
324;AI;AI1;3;4;Menyiapkan kebutuhan dengan jelas dan sesuai dengan struktur yang sudah didefinisikan sebelumnya
325;AI;AI1;3;4;Memiliki alternatif solusi yang dapat dipertimbangkan, termasuk analisis mengenai biaya dan manfaatnya
326;AI;AI1;3;4;Memiliki metodologi yang jelas, dapat didefinisikan, dan dipahami secara umum serta dapat diukur
327;AI;AI1;3;4;Mempunyai antarmuka yang didefinisikan dengan jelas antara manajemen TI dan bisnis pada identifikasi dan penilaian solusi TI
328;AI;AI1;4;5;Melakukan peningkatan berkelanjutan pada metodologi yang digunakan untuk identifikasi dan penilaian solusi TI
329;AI;AI1;4;5;Mengakuisisi dan mengimplementasi metodologi yang memiliki fleksibilitas untuk proyek skala besar maupun kecil
330;AI;AI1;4;5;Memiliki metodologi yang didukung oleh internal dan database pengetahuan eksternal yang berisi materi referensi tentang solusi teknologi
331;AI;AI1;4;5;Memiliki metodologi yang menghasilkan dokumentasi dalam struktur yang telah ditentukan sebelumnya agar membuat produksi dan pemeliharaan menjadi efisien
332;AI;AI1;4;5;Memiliki peluang baru yang sering kali diidentifikasi untuk memanfaatkan teknologi agar mendapatkan keunggulan kompetitif, memengaruhi rekayasa ulang proses bisnis, dan meningkatkan efisiensi secara keseluruhan
333;AI;AI1;4;5;Memiliki regulasi bahwa manajemen dapat mendeteksi dan bertindak jika solusi TI disetujui tanpa mempertimbangkan teknologi alternatif atau kebutuhan fungsional bisnis
334;AI;AI2;0;1;Memiliki kesadaran bahwa diperlukan proses untuk memperoleh dan mempertahankan aplikasi
335;AI;AI2;0;1;Melakukan pendekatan untuk memperoleh dan memelihara perangkat lunak yang bervariasi dari proyek ke proyek
336;AI;AI2;0;1;Memiliki beberapa solusi individu untuk kebutuhan bisnis tertentu yang diperoleh secara independen, sehingga menjadi efisien dengan pemeliharaan dan dukungan
337;AI;AI2;1;2;Memiliki proses yang berbeda, tetapi serupa, untuk memperoleh dan memelihara aplikasi berdasarkan keahlian dalam fungsi TI
338;AI;AI2;1;2;Melakukan peningkatan pada keterampilan dan tingkat pengalaman di dalam IT, karena tingkat keberhasilan aplikasi sangat bergantung  pada hal tersebut
339;AI;AI2;1;2;Menjaga pengetahuan internal tidak sampai hilang dari organisasi, karena perawatan biasanya bermasalah dan menderita ketika hal tersebut terjadi
340;AI;AI2;1;2;Memiliki sedikit pertimbangan keamanan aplikasi dan ketersediaan dalam desain atau perolehan perangkat lunak aplikasi
341;AI;AI2;2;3;Memiliki proses yang jelas, sudah ditentukan dan umumnya dapat dipahami untuk perolehan dan pemeliharaan perangkat lunak aplikasi
342;AI;AI2;2;3;Melakukan suatu upaya untuk menerapkan proses yang terdokumentasi secara konsisten di seluruh berbeda aplikasi dan proyek
343;AI;AI2;2;3;Memiliki metodologi yang umumnya harus fleksibel dan sulit diterapkan dalam semua kasus, sehingga langkah-langkahnya mungkin dilewati
344;AI;AI2;2;3;Melakukan kegiatan perawatan yang telah direncanakan, dijadwalkan dan dikoordinasikan
345;AI;AI2;3;4;Memiliki metodologi formal dan dipahami dengan baik yang mencakup proses desain dan spesifikasi, kriteria untuk akuisisi, proses untuk pengujian dan persyaratan dokumentasi
346;AI;AI2;3;4;Memiliki mekanisme persetujuan yang didokumentasikan dan disetujui untuk memastikan semuanya langkah-langkah diikuti dan pengecualian yang diizinkan
347;AI;AI2;3;4;Memiliki praktik dan prosedur yang berevolusi dan cocok untuk organisasi, digunakan oleh semua staf dan berlaku untuk sebagian besar persyaratan aplikasi
348;AI;AI2;4;5;Menyelaraskan perolehan perangkat lunak dan praktik pemeliharaan dengan proses yang ditentukan
349;AI;AI2;4;5;Melakukan penerapan perangkat lunak akuisisi dan pemeliharaan sesuai dengan proses yang ditetapkan
350;AI;AI2;4;5;Memiliki akuisisi dan metodologi pemeliharaan yang canggih dan memungkinkan penyebaran cepat, memungkinkan responsif dan fleksibilitas yang tinggi menanggapi kebutuhan bisnis yang berubah
351;AI;AI2;4;5;Melakukan perbaikan terus menerus pada akuisisi perangkat lunak aplikasi dan metodologi implementasi. Serta didukung oleh database pengetahuan internal dan eksternal yang mengandung referensi bahan dan praktik yang baik
352;AI;AI2;4;5;Memiliki metodologi menciptakan dokumentasi dalam struktur yang telah ditentukan agar membuat produksi dan pemeliharaan efisien
353;AI;AI3;0;1;Memiliki rencana keseluruhan apabila ada perubahan yang dilakukan pada infrastruktur TI untuk setiap aplikasi baru
354;AI;AI3;0;1;Memiliki pendekatan keseluruhan yang konsisten
355;AI;AI3;0;1;Memastikan aktivitas pemeliharaan TI bereaksi terhadap kebutuhan jangka pendek
356;AI;AI3;0;1;Menciptakan lingkungan produksi adalah lingkungan pengujian
357;AI;AI3;1;2;Memiliki konsistensi diantara pendekatan taktis saat memperoleh dan memelihara infrastruktur TI
358;AI;AI3;1;2;Memiliki akuisisi dan pemeliharaan infrastruktur TI, didasarkan pada strategi yang ditentukan dan mempertimbangkan kebutuhan aplikasi bisnis yang harus didukung
359;AI;AI3;1;2;Meningkatkan pemahaman bahwa infrastruktur TI PIKTI itu penting, didukung oleh beberapa praktik formal
360;AI;AI3;1;2;Melakukan penjadwalan dan koordinasi ketika pemeliharaan TI
361;AI;AI3;1;2;Memikili lingkungan pengujian yang terpisah pada beberapa lingkungan
362;AI;AI3;2;3;Memiliki proses yang jelas, terdefinisi, dan dipahami secara umum untuk memperoleh dan memelihara infrastruktur TI
363;AI;AI3;2;3;Memiliki proses yang mendukung kebutuhan aplikasi bisnis yang penting dan sejalan dengan TI dan startegi bisnis, yang diterapkan secara konsisten
364;AI;AI3;2;3;Memastikan sudah terlaksana perencanaan, penjadwalan, dan pengkoordinasian pada pemeliharaan
365;AI;AI3;2;3;Memiliki lingkungan yang terpisah untuk pengujian dan produksi
366;AI;AI3;3;4;Memiliki proses akuisisi dan pemeliharaan infrastruktur teknologi yang telah berkembang ke titik di mana ia bekerja dengan baik untuk sebagian besar situasi, diikuti secara konsisten dan difokuskan pada dapat digunakan kembali
367;AI;AI3;3;4;Memastikan infrastruktur TI cukup mendukung aplikasi bisnis
368;AI;AI3;3;4;Melakukan proses yang terorganisir dengan baik dan proaktif
369;AI;AI3;3;4;Mengoptimalkan sebagian biaya dan waktu tunggu untuk mencapai tingkat skalabilitas, fleksibilitas, dan integrasi yang diharapkan
370;AI;AI3;4;5;Memastikan proses akuisisi dan pemeliharaan infrastruktur teknologi bersifat proaktif dan selaras dengan aplikasi bisnis penting dan arsitektur teknologi
371;AI;AI3;4;5;Memastikan praktik yang baik terkait solusi teknologi diikuti, dan organisasi mengetahui perkembangan platform dan alat manajemen terbaru
372;AI;AI3;4;5;Memastikan adanya pengurangian biaya pengeluaran dengan merasionalisasi dan menstandarisasi komponen infrastruktur dan dengan menggunakan otomatisasi
373;AI;AI3;4;5;Memiliki tingkat kesadaran teknis yang tinggi dapat mengidentifikasi cara optimal untuk secara proaktif meningkatkan kinerja, termasuk pertimbangan opsi pengalihdayaan
374;AI;AI3;4;5;Memastikan infrastruktur TI dipandang sebagai pendorong utama untuk memanfaatkan penggunaan TI
375;AI;AI4;0;1;Memiliki kesadaran akan pembuatan dokumentasi pengoperasian aplikasi yang dibutuhkan
376;AI;AI4;0;1;Membuat dokumentasi pengoperasian aplikasi yang bersifat sementara dan tidak berkala serta hanya diperuntukkan untuk bagian staff tertentu
377;AI;AI4;0;1;Meng-update sebagian dokumen-dokumen pengoperasian aplikasi dan berpedoman pada dokumen lama
378;AI;AI4;0;1;Melakukan pelatihan pada pengoperasian aplikasi hanya sesekali/jarang dilakukan kepada pengguna
379;AI;AI4;0;1;Memiliki sebagian SOP yang terintegrasi antara sistem yang dibangun dengan unit bisnis
380;AI;AI4;0;1;Memiliki sedikit masukan dari unit bisnis untuk meningkatkan rancangan program pelatihan pengoperasian aplikasi
381;AI;AI4;1;2;Memiliki SOP dan dokumentasi pada pengoperasian aplikasi, akan tetapi tidak melalui pendekatan berdasarkan kerangka kerja yang dibangun secara terstruktur
382;AI;AI4;1;2;Melakukan sedikit pengembangan SOP dan dokumentasi pengoperasian aplikasi pada pengguna
383;AI;AI4;1;2;Memiliki materi pelatihan pengoperasian aplikasi yang dibuat oleh tim tertentu. Tetapi tanpa pengawasan dari Koordinator Staff IT
384;AI;AI4;1;2;Memiliki penilaian pengguna terhadap SOP dan dokumentasi pengoperasian aplikasi hanya pada tingkat cukup
385;AI;AI4;1;2;Menyediakan program pelatihan pengoperasian aplikasi kepada pengguna, akan tetapi tidak ada rencana berkelanjutan yang dilakukan
386;AI;AI4;2;3;Memiliki SOP dan dokumentasi pengoperasian aplikasi kepada pengguna dapat diterima dan dipahami secara jelas
387;AI;AI4;2;3;Menyimpan SOP dan dokumentasi pengoperasian aplikasi dengan baik di Drive dan bisa diakses oleh seluruh Staff
388;AI;AI4;2;3;"Membuat SOP dan dokumentasi pengoperasian aplikasi berdasarkan respon pengguna		"
389;AI;AI4;2;3;Membuka akses SOP dan dokumentasi pengoperasian aplikasi secara offline ketika terjadi keadaan yang darurat
390;AI;AI4;2;3;Melakukan pembaruan SOP dan materi pelatihan pengoperasian aplikasi ketika aplikasi tersebut terdapat perubahan
391;AI;AI4;2;3;Menyimpan materi pelatihan pengoperasian aplikasi dengan baik di Drive dan bisa diakses oleh seluruh Staff sudah direncanakan dan terjadwal
392;AI;AI4;3;4;Memiliki suatu kerangka kerja untuk me-maintain SOP dan materi pelatihan pengoperasian aplikasi dengan dukungan IT
393;AI;AI4;3;4;Melakukan pendekatan untuk me-maintain SOP dan materi pelatihan pengoperasian aplikasi sehingga mencakup semua sistem dan unit bisnis
394;AI;AI4;3;4;Memiliki SOP dan materi pelatihan pengoperasian aplikasi yang saling terintegrasi serta terdapat antarmuka yang interaktif
395;AI;AI4;3;4;Mengawasi SOP dan materi pelatihan pengoperasian aplikasi yang dikembangkan
396;AI;AI4;3;4;Memiliki umpan balik dari pengguna dan unit bisnis pada dokumentasi dan program pelatihan pengoperasian aplikasi
397;AI;AI4;3;4;Memiliki dokumentasi bahan ajar dan pelatihan pengoperasian aplikasi pada tingkat kehandalan dan ketersediaan yang baik
398;AI;AI4;3;4;Memiliki pengembangan SOP dan dokumen bahan ajar pelatihan yang terintegrasi pada sistem aplikasi dan memungkinkan akses terhadap pengguna
399;AI;AI4;3;4;Melakukan pelatihan pengoperasian aplikasi kepada unit bisnis dan pengguna berpartisipasi secara aktif sesuai dengan kebutuhan bisnis
400;AI;AI4;3;4;Mengembangkan metrik perangkat lunak oleh manajemen TI untuk mengukur pengembangan dan penyampaian bahan ajar dan program pelatihan pengguna
401;AI;AI4;4;5;Memiliki peningkatan yang berkala terhadap user manual dan dokumentasi pengoperasian aplikasiseiring dengan metode baru yang digunakan
402;AI;AI4;4;5;Melakukan peningkatan SOP dan materi pelatihan pengoperasian aplikasi secara bekelanjutan berdasarkan ilmu terkini sehingga melibatkan alur kerja, distribusi teknologi, dan kemudahan pengaksesan
403;AI;AI4;4;5;Melakukan pengembangan dari dokumentasi dan materi pelatihan pengoperasian aplikasi serta penyampaian program pelatihan terintegrasi penuh dengan proses bisnis sehingga mendukung kebutuhan organisasi yang berorientasi TI
404;AI;AI5;0;1;Menyadari bahwa harus memiliki kebutuhan untuk mendokumentasikan kebijakan dan prosedur yang menghubungkan akuisisi IT dengan proses pengadaan organisasi bisnis secara keseluruhan
405;AI;AI5;0;1;Mengembangkan dan mengelola kontrak untuk perolehan sumber daya IT oleh manajer proyek dan individu lain yang melaksanakan penilaian profesional mereka daripada sebagai hasil dari prosedur dan kebijakan formal
406;AI;AI5;0;1;Mengelola kontrak untuk akuisisi pada akhir proyek
407;AI;AI5;0;1;Memiliki hubungan ad hoc antara akuisisi perusahaan dan proses manajemen kontrak dan IT
408;AI;AI5;1;2;Memiliki kesadaran organisasi tentang perlunya memiliki kebijakan dan prosedur dasar untuk akuisisi IT
409;AI;AI5;1;2;Mengintegrasi sebagian kebijakan-kebijakan dan prosedur dengan proses pengadaan organisasi bisnis secara keseluruhan
410;AI;AI5;1;2;Memproses sebagian besar pengadaan sumber daya IT yang digunakan untuk proyek besar dan terlihat
411;AI;AI5;1;2;Memiliki tanggung jawab dan akuntabilitas untuk pengadaan IT dan manajemen kontrak ditentukan oleh pengalaman masing-masing manajer kontrak
412;AI;AI5;1;2;Menyadari pentingnya manajemen pemasok dan mengakui manajemen hubungan, tapi ditangani berdasarkan inisiatif individu
413;AI;AI5;1;2;Memproses sebagian besar kontrak yang digunakan oleh proyek-proyek besar atau yang sangat terlihat
414;AI;AI5;2;3;Menerapkan kebijakan dan prosedur untuk akuisisi IT oleh manajemen
415;AI;AI5;2;3;Memandu kebijakan dan prosedur oleh keseluruhan proses pengadaan organisasi bisnis
416;AI;AI5;2;3;Memiliki standar IT untuk perolehan sumber daya IT
417;AI;AI5;2;3;Mengintegrasikan pemasok sumber daya IT ke dalam mekanisme manajemen proyek organisasi dari perspektif manajemen kontrak
418;AI;AI5;2;3;Mengintegrasikan sebagian besar sistem pengadaan bisnis dengan akuisisi TI secara keseluruhan
419;AI;AI5;2;3;Mengkomunikasikan kebutuhan akuisisi yang sesuai serta manajemen kontrak pada seluruh fungsi IT
420;AI;AI5;3;4;Mengintegrasi sistem pengadaan bisnis dengan akuisisi TI secara keseluruhan
421;AI;AI5;3;4;Menggunakan standar IT untuk akuisisi sumber daya IT untuk semua pengadaan
422;AI;AI5;3;4;Mengambil pengukuran pada kontrak dan manajemen pengadaan secara relevan dengan kasus bisnis untuk akuisisi IT
423;AI;AI5;3;4;Menyediakan pelaporan aktivitas akuisisi TI yang mendukung tujuan bisnis
424;AI;AI5;3;4;Mengetahui pengecualian terhadap kebijakan serta prosedur akuisisi IT
425;AI;AI5;3;4;Mengembangkan manajemen strategis hubungan
426;AI;AI5;3;4;Melakukan manajemen TI dengan menggunakan manajemen kontrak dan proses akuisisi untuk semua akuisisi dengan memonitor pengukuran kinerja
427;AI;AI5;4;5;Menjadikan manajemen sebagai lembaga yang menyusun sumber daya dengan melakukan secara menyeluruh untuk akuisisi TI
428;AI;AI5;4;5;Menetapkan kesesuaian terhadap kebijakan dan metode akuisisi TI yang harus dipatuhi
429;AI;AI5;4;5;Mengambil hal berguna dari hasil evaluasi pada kontrak dan manajemen penyusunan dengan kasus bisnis untuk akuisisi TI
430;AI;AI5;4;5;Memiliki koneksi yang sehat, akan menjadikan waktu dengan kebanyakan penyalur dan mitra. Dan memiliki koneksi yang baik dengan cara diukur dan dipantau
431;AI;AI5;4;5;Mengelola dan merencanakan koneksi secara strategis?
432;AI;AI5;4;5;Melakukan taraf kebijakan dan prosedur IT untuk akuisisi dengan cara strategis dan melakukan pengukuran proses
433;AI;AI5;4;5;Menghubungkan kepentingan dengan cara strategis dari akuisisi yang sesuai dan manajemen kontrak yang ada di seluruh fungsi IT
434;AI;AI6;0;1;Mengetahui bahwa setiap perubahan yang ada harus dikelola dan diawasi
435;AI;AI6;0;1;Mengetahui jika terdapat keberagaman bidang urusan pada organisasi yang memungkinkan terjadinya perubahan yang tidak terkelola atau tidak sah
436;AI;AI6;0;1;Memiliki dokumentasi dari perubahan yang pernah terjadi, minimal relatif sedikit atau tidak ada dan konfigurasi cenderung tidak lengkap dan tidak dapat dipercaya
437;AI;AI6;0;1;Mengurangi kesalahan karena buruknya manajemen perubahan yang ada
438;AI;AI6;1;2;Memiliki proses manajemen perubahan secara informal namun belum terstruktur, mendasar dan cenderung terjadi kesalahan
439;AI;AI6;1;2;Memiliki konfigurasi dari akurasi dokumentasi, minimal masih inkonsisten dan perencanaan serta perhitungan dampak terhadap perubahan masih terbatas
440;AI;AI6;2;3;Memiliki proses manajemen perubahan formal yang baik yang mencakup kategorisasi, prioritasisasi, prosedur-prosedur darurat, autorisasi perubahan dan manajemen pelepasan yang sesuai dengan perkembangan organisasi
441;AI;AI6;2;3;Mengurangi kesalahan dan perubahan-perubahan tak terkelola yang masih terjadi
442;AI;AI6;2;3;Mulai membentuk analisis dampak perubahan IT pada operasi bisnis untuk mendukung perencanaan teknologi dan aplikasi baru
443;AI;AI6;3;4;Mengembangkan proses manajemen perubahan dengan baik dan secara konsisten diikuti untuk segala perubahan yang ada
444;AI;AI6;3;4;Memiliki proses yang berjalan dengan efisien dan efektif tetapi tetap bersandar pada prosedur manual dan kontrol untuk memastikan bahwa mutu tercapai
445;AI;AI6;3;4;Memiliki proses persetujuan untuk perubahan sudah sesuai aturan
446;AI;AI6;3;4;Membuat dokumentasi manajemen perubahan dengan tepat dan umumnya akurat
447;AI;AI6;3;4;Mengintegrasi perencanaan menejemen perubahan IT dengan perubahan dalam proses bisnis untuk menjamin training, perubahan organisasi dan persoalan kelancaran bisnis terkelola
448;AI;AI6;3;4;Melakukan peningkatan koordinasi antara manajemen perubahan IT dan perancangan proses bisnis baru
449;AI;AI6;3;4;Memiliki proses yang konsisten untuk mengawasi mutu dan kinerja proses manajemen perubahan organisasi
450;AI;AI6;4;5;Melakukan proses manajemen perubahan secara teratur, ditinjau dan diperbaharui untuk tetap sejalan dengan visi dan misi organisasi
451;AI;AI6;4;5;Memiliki informasi konfigurasi yang sudah berbasis komputer dan menyediakan version control
452;AI;AI6;4;5;Mengintegrasi manajemen perubahan IT dengan manajemen perubahan bisnis untuk memastikan bahwa IT adalah aspek penting dalam peningkatan produktivitas dan penciptaan kesempatan bisnis baru bagi organisasi
453;AI;AI6;4;5;Memiliki Dokumentasi konfigurasi yang akurat
454;AI;AI7;0;1;Memiliki kesadaran terhadap kebutuhan untuk memverifikasi dan mengkonfirmasi solusi yang diterapkan sudah memenuhi tujuan yang diinginkan
455;AI;AI7;0;1;Melakukan inisiatif untuk melakukan pengujian dengan pendekatan yang tepat oleh setiap tim proyek
456;AI;AI7;0;1;Memiliki akreditasi dan persetujuan formal
457;AI;AI7;1;2;Melakukan pendekatan pengujian dan akreditasi dengan tidak didasarkan pada metodologi apa pun
458;AI;AI7;1;2;Memutuskan pendekatan pengujian oleh tim pengembangan individu, dan tidak perlu termasuk pengujian integrasi
459;AI;AI7;1;2;Memiliki proses persetujuan informal
460;AI;AI7;2;3;Memiliki metodologi formal yang berkaitan dengan pemasangan, migrasi, konversi, dan penerimaan
461;AI;AI7;2;3;Mengintegrasi proses instalasi dan akreditasi IT ke dalam siklus hidup sistem dan diotomatisasi sampai batas tertentu
462;AI;AI7;2;3;Memiliki pelatihan, pengujian dan transisi ke status produksi dan akreditasi yang berbeda dari proses yang ditentukan karena berdasarkan keputusan individu
463;AI;AI7;2;3;Memiliki kualitas sistem yang memasuki produksi, minimal tidak konsisten, namun dengan sistem baru sering kali menimbulkan masalah pasca implementasi yang signifikan
464;AI;AI7;3;4;Memformalkan dan mengembangkan prosedur agar terorganisir dengan baik dan praktis dengan lingkungan pengujian dan prosedur akreditasi yang ditentukan
465;AI;AI7;3;4;Memastikan perubahan besar pada sistem mengikuti pendekatan formal prosedur tersebut
466;AI;AI7;3;4;Mengevaluasi pemenuhan kebutuhan pengguna dengan standarisasi dan ukuran, menghasilkan metrik yang dapat ditinjau dan dianalisis secara efektif oleh manajemen
467;AI;AI7;3;4;Memiliki kualitas sistem yang memasuki produksi memuaskan manajemen bahkan dengan tingkat masalah pasca implementasi yang wajar
468;AI;AI7;3;4;Memiliki otomatisasi proses bersifat ad hoc dan bergantung pada proyek
469;AI;AI7;3;4;Merasa puas dengan tingkat efisiensi saat ini meskipun masih terdapat kekurangan evaluasi pasca-implementasi
470;AI;AI7;3;4;Memastikan sistem pengujian mencerminkan lingkungan hidup yang memadai
471;AI;AI7;3;4;Memiliki pengujian stres untuk sistem baru dan pengujian regresi untuk sistem yang ada diterapkan untuk proyek-proyek besar
472;AI;AI7;4;5;Menyempurnakan proses pemasangan dan akreditasi ke tingkat praktik yang baik, berdasarkan hasil penyempurnaan dan penyempurnaan yang berkelanjutan
473;AI;AI7;4;5;Mengintegrasikan sepenuhnya proses instalasi dan akreditasi TI ke dalam siklus hidup sistem dan diotomatiskan jika sesuai, memfasilitasi pelatihan, pengujian, dan transisi yang paling efisien ke status produksi sistem baru
474;AI;AI7;4;5;Mengembangkan lingkungan pengujian dengan baik, register masalah, dan proses penyelesaian kesalahan dapat memastikan transisi yang efisien dan efektif ke lingkungan produksi
475;AI;AI7;4;5;Memastikan dapat melakukan akreditasi tanpa pengerjaan ulang, dan masalah pasca implementasi biasanya terbatas pada koreksi kecil
476;AI;AI7;4;5;Menstandarisasi tinjauan pasca-implementasi, dengan pelajaran yang dipetik disalurkan kembali ke dalam proses untuk memastikan peningkatan kualitas yang berkelanjutan
477;AI;AI7;4;5;Menerapkan pengujian stres untuk sistem baru dan pengujian regresi untuk sistem yang dimodifikasi secara konsisten
478;ME;ME1;0;1;Menyadari kebutuhan untuk mengumpulkan dan menilai informasi tentang proses pemantauan
479;ME;ME1;0;1;Mengidentifikasi proses pengumpulan dan penilaian standar
480;ME;ME1;0;1;Mengimplementasi pemantauan dan memilih metrik berdasarkan kasus per kasus, sesuai dengan kebutuhan proyek dan proses TI tertentu
481;ME;ME1;0;1;Menerapkan pemantauan umum secara reaktif terhadap insiden yang menyebabkan kerugian atau rasa malu bagi organisasi
482;ME;ME1;0;1;Memiliki fungsi akuntansi untuk memantau ukuran keuangan dasar untuk TI
483;ME;ME1;1;2;Mengidentifikasi pengukuran dasar yang akan dipantau
484;ME;ME1;1;2;Memiliki metode dan teknik pengumpulan serta penilaian, tetapi tidak harus diadopsi pada seluruh organisasi 
485;ME;ME1;1;2;Menginterpretasi hasil pemantauan berdasarkan keahlian individu kunci
486;ME;ME1;1;2;Memilih dan menerapkan peralatan terbatas untuk mengumpulkan informasi, tetapi pengumpulannya tidak harus berdasarkan pada pendekatan yang direncanakan
487;ME;ME1;2;3;Mengkomunikasikan dan melembagakan proses pemantauan standar
488;ME;ME1;2;3;Melaksanakan program pendidikan dan pelatihan untuk pemantauan
489;ME;ME1;2;3;Mengembangkan basis pengetahuan formal dari informasi kinerja historis
490;ME;ME1;2;3;Melakukan penilaian pada proses TI individu dan tingkat proyek, namun tidak perlu terintegrasi diantara semua proses
491;ME;ME1;2;3;Menentukan alat untuk memantau proses TI dan tingkat layanan
492;ME;ME1;2;3;Menentukan pengukuran kontribusi fungsi layanan informasi terhadap kinerja organisasi, menggunakan kriteria keuangan dan operasional tradisional
493;ME;ME1;2;3;Menentukan pengukuran kinerja khusus TI, pengukuran non-keuangan, pengukuran strategis, pengukuran kepuasan pelanggan, dan tingkat layanan
494;ME;ME1;2;3;Mendefinisikan kerangka kerja untuk mengukur kinerja
495;ME;ME1;3;4;Mendefinikan toleransi di mana proses harus beroperasi
496;ME;ME1;3;4;Menstandarisasi dan menormalisasi pelaporan hasil pemantauan
497;ME;ME1;3;4;Memiliki integrasi metrik di semua proyek dan proses TI
498;ME;ME1;3;4;Memformalkan sistem pelaporan manajemen organisasi TI
499;ME;ME1;3;4;Mengintegrasi dan memanfaatkan alat otomatis di seluruh organisasi untuk mengumpulkan dan memantau informasi operasional pada aplikasi, sistem, dan proses
500;ME;ME1;3;4;Mengevaluasi kinerja berdasarkan kriteria yang disepakati, yang disetujui oleh para pemangku kepentingan
501;ME;ME1;3;4;Menyelaraskan pengukuran fungsi TI dengan tujuan organisasi
502;ME;ME2;4;5;Mengembangkan proses peningkatan kualitas berkelanjutan untuk memperbarui standar dan kebijakan pemantauan di seluruh organisasi dan menggabungkan praktik industri yang baik
503;ME;ME3;4;5;Mengoptimalkan semua proses pemantauan dan mendukung tujuan di seluruh organisasi
504;ME;ME4;4;5;Menggunakan metrik berbasis bisnis secara rutin untuk mengukur kinerja dan diintegrasikan ke dalam kerangka penilaian strategis, seperti kartu skor seimbang TI
505;ME;ME5;4;5;Melakukan pemantuan proses dan desain ulang berkelanjutan konsisten dengan rencana peningkatan proses bisnis di seluruh organisasi
506;ME;ME1;4;5;Melakukan pembandingan terhadap industri dan pesaing utama menjadi formal, dengan kriteria perbandingan yang dipahami dengan baik
507;ME;ME2;0;1;Menyadari akan pentingnya memiliki manajemen dan jaminan pengendalian IT yang teratur
508;ME;ME2;0;1;Menerapkan penilaian kelengkapan pengendalian internal secara ad hoc (tidak permanen dan pembentukannya sejak semula dimaksudkan hanya untuk sementara waktu dan untuk menangani peristiwa tertentu)
509;ME;ME2;0;1;Memiliki tanggungjawab secara formal dalam memantau efektivitas pengendalian internal
510;ME;ME2;0;1;Mendefinisikan secara jelas standar pengkajian informasi yang dibutuhkan terkait pemantauan efektivitas pengendalian internal
511;ME;ME2;0;1;Melakukan penilaian pengendalian internal IT sebagai bagian dari audit keuangan tradisional, dengan metodologi dan keahlian yang tidak mencerminkan kebutuhan fungsi layanan informasi
512;ME;ME2;1;2;Memiliki laporan pengendalian secara informal pada organisasi untuk memulai inisiatif tindakan perbaikan/korektif terhadap aktivitas pengendalian internal
513;ME;ME2;1;2;Memiliki penilaian pengendalian internal pada organisasi bergantung pada keahlian SDM kunci
514;ME;ME2;1;2;Meningkatkan kesadaran dari pemantauan pengendalian internal
515;ME;ME2;1;2;Memiliki layanan informasi manajemen organisasi untuk memantau efektifitas dari pengendalian internal yang bersifat kritis secara teratur
516;ME;ME2;1;2;Memiliki metodologi dan alat bantu/sistem yang mulai digunakan untuk pengendalian internal, tetapI tidak digunakan sesuai rencana
517;ME;ME2;1;2;Memastikan jika keterampilan SDM menentukan teknologi yang digunakan
518;ME;ME2;2;3;Memiliki lembaga khusus untuk melakukan pemantauan pengendalian internal
519;ME;ME2;2;3;Memiliki kebijakan dan prosedur yang dikembangkan untuk menilai dan melaporkan aktivitas pemantauan pengendalian internal
520;ME;ME2;2;3;Memiliki program pendidikan dan pelatihan untuk pemantauan pengendalian internal
521;ME;ME2;2;3;Memiliki sebuah aktivitas/proses yang digunakan untuk penilaian diri dan tinjauan jaminan pengendalian internal, dengan peranan untuk bisnis yang bertanggung jawab dan manajer IT
522;ME;ME2;2;3;Memiliki alat yang sedang digunakan untuk pengendalian internal tetapi belum tentu diintegrasikan ke dalam keseluruhan proses
523;ME;ME2;2;3;Memiliki kebijakan penilaian risiko proses IT yang sedang digunakan dalam framework pengendalian yang dikembangkan khusus untuk organisasi IT
524;ME;ME2;2;3;Memiliki penetapan kebijakan manajemen risiko meliputi penerapan kebijakan dan prosedur
525;ME;ME2;3;4;Memiliki framework yang digunakan untuk untuk pemantauan pengendalian internal IT
526;ME;ME2;3;4;Memiliki standar tingkat toleransi yang ditetapkan untuk proses pemantauan pengendalian internal
527;ME;ME2;3;4;Memiliki alat diterapkan untuk membakukan penilaian dan secara otomatis mendeteksi pengecualian kontrol
528;ME;ME2;3;4;Menetapkan fungsi pengendalian internal IT formal dengan profesional yang terspesialisasi dan bersertifikat yang menggunakan framework kontrol formal yang didukung oleh manajemen senior
529;ME;ME2;3;4;Memiliki partisipasi secara rutin dari anggota staf IT dalam penilaian pengendalian internal
530;ME;ME2;3;4;Memiliki penetapan basis pengetahuan metrik untuk informasi historis pada pemantauan pengendalian internal
531;ME;ME2;3;4;Memiliki tinjauan sejawat untuk pemantauan pengendalian internal
532;ME;ME2;4;5;Memiliki program peningkatan berkelanjutan di seluruh organisasi yang memperhitungkan pembelajaran dan praktik industri yang baik untuk pemantauan pengendalian internal
533;ME;ME2;4;5;Melakukan upaya pembaruan alat yang terintegrasi, yang memungkinkan penilaian efektif atas kontrol IT kritis dan deteksi cepat insiden pemantauan pengendalian IT
534;ME;ME2;4;5;Melakukan benchmarking terhadap industri atau perusahaan lain dengan bidang yang sama untuk fungsi layanan informasi
535;ME;ME2;4;5;Melakukan pembandingan terhadap standar industri dan praktik yang baik
536;ME;ME3;0;1;Meningkatkan kesadaran akan kepatuhan peraturan, persyaratan kontrak dan hukum yang berdampak pada organisasi
537;ME;ME3;0;1;Memiliki proses informal diikuti untuk menjaga kepatuhan, tetapi hanya jika diperlukan dalam proyek baru atau sebagai tanggapan atas audit atau tinjauan pada organisasi
538;ME;ME3;1;2;Memiliki tingkat pemahaman tentang perlunya untuk mematuhi persyaratan eksternal, yang mana kebutuhan tersebut perlu untuk dikomunikasikan?
539;ME;ME3;1;2;Meningkatkan prosedur kepatuhan individu telah dikembangkan dan diikuti setiap tahun, yang mana hal tsb adalah sebuah persyaratan berulang, seperti dalam peraturan keuangan atau undang-undang privasi
540;ME;ME3;1;2;Memiliki pendekatan standar yang ada dalam organisasi
541;ME;ME3;1;2;Meningkatkan ketergantungan pada pengetahuan dan tanggung jawab individu, dan kemungkinan terjadinya kesalahan
542;ME;ME3;1;2;Memiliki pelatihan informal mengenai persyaratan eksternal dan masalah kepatuhan
543;ME;ME3;2;3;Mengembangkan, mendokumentasikan dan mengkomunikasikan kebijakan, rencana dan prosedur untuk memastikan kepatuhan terhadap peraturan, persyaratan kontrak dan kewajiban hukum
544;ME;ME3;2;3;Meningkatkan pemantauan yang dilakukan dan persyaratan kepatuhan yang telah ditangani
545;ME;ME3;2;3;Menyediakan pelatihan dalam persyaratan hukum dan peraturan eksternal yang mempengaruhi organisasi dan proses kepatuhan yang ditetapkan
546;ME;ME3;2;3;Mengoptimalkan efek adanya kontrak pro forma standar dan proses hukum untuk meminimalkan risiko yang terkait dengan kewajiban kontraktual
547;ME;ME3;3;4;Memahami sepenuhnya masalah dan paparan dari persyaratan eksternal dan kebutuhan kepatuhan pada semua tingkatan
548;ME;ME3;3;4;Meningkatkan kesadaran semua anggota staf mengenai kewajiban kepatuhan dari skema pelatihan formal yang diberlakukan
549;ME;ME3;3;4;Memiliki rasa tanggung jawab dan kepemilikan proses dipahami
550;ME;ME3;3;4;Melakukan proses peninjauan lingkungan untuk mengidentifikasi persyaratan eksternal dan perubahan yang sedang berlangsung
551;ME;ME3;3;4;Memiliki mekanisme untuk memantau ketidakpatuhan terhadap persyaratan eksternal, melaksanakan praktik internal, dan melakukan tindakan korektif dilakukan
552;ME;ME3;3;4;Menganalisis masalah ketidakpatuhan untuk mencari akar permasalahannya dengan cara standar, dengan tujuan untuk mengidentifikasi solusi yang berkelanjutan
553;ME;ME3;3;4;Menggunakan praktik internal baik yang terstandardisasi untuk kebutuhan khusus, seperti peraturan tetap dan layanan kontrak yang berulang
554;ME;ME3;4;5;Memiliki proses yang terorganisir dengan baik, efisien dan diberlakukan untuk mematuhi persyaratan eksternal, berdasarkan sebuah fungsi pusat yang memberikan bimbingan dan koordinasi kepada seluruh organisasi
555;ME;ME3;4;5;Memiliki pengetahuan luas tentang persyaratan eksternal yang berlaku, termasuk tren masa depan dan perubahan yang diantisipasi, dan kebutuhan terhadap solusi baru yang ada
556;ME;ME3;4;5;Mengambil bagian dalam diskusi eksternal dengan regulator dan kelompok industri untuk memahami dan mempengaruhi persyaratan eksternal yang mempengaruhi mereka
557;ME;ME3;4;5;Mengembangkan praktik baik untuk memastikan kepatuhan yang efisien dengan persyaratan eksternal, menghasilkan sangat sedikit kasus pengecualian kepatuhan
558;ME;ME3;4;5;Memiliki sistem organisasi yang luas dan terpusat, yang memungkinkan manajemen untuk mendokumentasikan alur kerja dan untuk mengukur serta meningkatkan kualitas dan efektivitas proses pemantauan kepatuhan
559;ME;ME3;4;5;Meningkatkan penerapan dan penyempurnaan proses penilaian diri persyaratan eksternal
560;ME;ME3;4;5;Melakukan pengembangan gaya manajemen dan budaya organisasi yang berkaitan dengan kepatuhan, serta pelatihan terbatas pada personel baru 
561;ME;ME4;0;1;Menyadari adanya permasalahan yang harus ditindaklanjuti
562;ME;ME4;0;1;Melakukan pendekatan sementara yang diaplikasikan pada masing - masing kasus
563;ME;ME4;0;1;Melakukan manajemen pendekatan masalah secara reaktif
564;ME;ME4;0;1;Melakukan komunikasi dan pendekatan terhadap masalah bersifat tidak konsisten dan jarang dilakukan
565;ME;ME4;0;1;Memperkirakan indikasi bagaimana IT berkontribusi pada performance bisnis
566;ME;ME4;0;1;Merespon secara reaktif terhadap masalah yang memengaruhi nama baik institusi
567;ME;ME4;1;2;Memiliki kesadaran terhadap adanya masalah Tata Kelola Teknologi Informasi
568;ME;ME4;1;2;Melakukan pengembangan aktivitas Tata Kelola Teknologi Informasi serta indikator performa
569;ME;ME4;1;2;Mengidentifikasi proses IT yang terpilih untuk pengembangan
570;ME;ME4;1;2;Mengidentifikasi pengukuran TKTI dasar dan metode beserta teknik penilaiannya, namun proses tidak diterapkan di seluruh organisasi
571;ME;ME4;1;2;Mengelola proses manajemen dengan project dan proses yang bervariasi
572;ME;ME4;1;2;Memiliki proses, peralatan, dan ukuran untuk mengukur tata kelola TI, meskipun terbatas dan mungkin tidak bisa digunakan sebaik mungkin akibat kurangnya ahli pada tiap fungsionalitasnya
573;ME;ME4;2;3;Memahami kepentingan dan kebutuhan adanya manajemen tata kelola TI dan mengkomunikasikannya dengan organisasi
574;ME;ME4;2;3;Mengembangkan sekumpulan baseline indikator manajemen tata kelola TI
575;ME;ME4;2;3;Mendefinikan dan membuat dokumentasi hubungan antara ukuran keluaran dan indikator performa
576;ME;ME4;2;3;Menyampaikan prosedur standar dan pelatihan yang diberikan
577;ME;ME4;2;3;Mendefinisikan instrumen sebagai catatan keseimbangan bisnis IT
578;ME;ME4;2;3;Mengidentifikasi peralatan untuk membantu pengawasan tata kelola TI
579;ME;ME4;3;4;Memahami secara penuh semua permasalahan tata kelola IT pada berbagai level
580;ME;ME4;3;4;Mendefinisikan tanggung jawab dan penanggung jawab proses secara jelas
581;ME;ME4;3;4;Menghubungkan dan mengintegrasikan proses IT dan tata kelola IT ke dalam bisnis serta strategi IT
582;ME;ME4;3;4;Menyadari akan risiko, pentingnya IT, dan kesempatan yang dapat dimanfaatkan oleh semua penanggung jawab proses pada manajemen
583;ME;ME4;3;4;Memberikan apresiasi berdasarkan pengukuran performa utama pada manajemen organisasi, dan secara keseluruhan, akuntabilitas performa proses yang utama sudah jelas
584;ME;ME4;4;5;Mempunyai pemahaman yang maju dan berorientasi pada masa depan terhadap permasalahan tata kelola TI beserta solusinya
585;ME;ME4;4;5;Mendukung pelatihan dan komunikasi dengan konsep dan teknik yang terdepan
586;ME;ME4;4;5;Memperbaiki semua proses manajemen hingga pada tingkat praktik bisnis yang baik
587;ME;ME4;4;5;Mengimplementasikan aturan IT sehingga organisasi, stakeholder, dan proses cepat beradaptasi serta mendukung kebutuhan tata kelola TI secara penuh
588;ME;ME4;4;5;Menganalisa semua permasalahan dan penyimpangan manajemen organisasi sampai ke akar serta solusi yang efisien diberikan
